{"status":"training_complete","training_results":{"dosage_train_mae":0.058600383066340446,"dosage_test_mae":0.15594804802081336,"dosage_train_r2":0.912606449552041,"dosage_test_r2":0.39899253167462406,"balance_train_mae":0.0021783103489037624,"balance_test_mae":0.0244644560945219,"training_samples":4000,"test_samples":1000,"feature_count":39,"fertilizer_count":4},"model_ready":true,"training_samples":5000,"test_mae":0,"model_type":"RandomForest"}